
[
  { "name": "Browser: Chrome", "color": "#c7def8" },
  { "name": "Browser: Firefox", "color": "#fad8c7" },
  { "name": "Browser: IE", "color": "#fef2c0" },
  { "name": "Browser: Other", "color": "#d4c5f9" },
  { "name": "Platform: Linux", "color": "#bfe5bf" },
  { "name": "Platform: OS X", "color": "#f7c6c7" },
  { "name": "Platform: Windows", "color": "#207de5" },
  { "name": "Platform: Android", "color": "#bfdadc" },
  { "name": "Platform: iOS", "color": "#bfd4f2" },
  { "name": "Status: Abandoned", "color": "#000000" },
  { "name": "Status: Accepted", "color": "#009800" },
  { "name": "Status: Available", "color": "#bfe5bf" },
  { "name": "Status: Blocked", "color": "#e11d21" },
  { "name": "Status: Completed", "color": "#006b75" },
  { "name": "Status: In Progress", "color": "#cccccc" },
  { "name": "Status: On Hold", "color": "#e11d21" },
  { "name": "Status: Pending", "color": "#fef2c0" },
  { "name": "Status: Review Needed", "color": "#fbca04" },
  { "name": "Status: Revision Needed", "color": "#e11d21" },
  { "name": "Priority: Low", "color": "#009800" },
  { "name": "Priority: Medium", "color": "#fbca04" },
  { "name": "Priority: High", "color": "#eb6420" },
  { "name": "Priority: Critical", "color": "#e11d21" },
  { "name": "Type: Bug", "color": "#e11d21" },
  { "name": "Type: Maintenance", "color": "#fbca04" },
  { "name": "Type: Enhancement", "color": "#84b6eb" },
  { "name": "Type: Question", "color": "#cc317c" }
]
