{
  "ambientDependencies": {
    "clone": "registry:dt/clone#0.1.11+20160317120654",
    "express": "registry:dt/express#4.0.0+20160317120654",
    "express-serve-static-core": "registry:dt/express-serve-static-core#0.0.0+20160322035842",
    "glob": "registry:dt/glob#5.0.10+20160317120654",
    "glob-stream": "registry:dt/glob-stream#3.1.12+20160316155526",
    "gulp": "registry:dt/gulp#3.8.0+20160316155526",
    "gulp-if": "registry:dt/gulp-if#0.0.0+20160316155526",
    "gulp-util": "registry:dt/gulp-util#0.0.0+20160316155526",
    "merge-stream": "registry:dt/merge-stream#1.0.0+20160313224417",
    "mime": "registry:dt/mime#0.0.0+20160316155526",
    "minimatch": "registry:dt/minimatch#2.0.8+20160317120654",
    "node": "registry:dt/node#4.0.0+20160412142033",
    "serve-static": "registry:dt/serve-static#0.0.0+20160317120654",
    "source-map": "registry:dt/source-map#0.0.0+20160317120654",
    "uglify-js": "registry:dt/uglify-js#2.6.1+20160316155526",
    "vinyl": "registry:dt/vinyl#1.1.0+20160316155526",
    "vinyl-fs": "registry:dt/vinyl-fs#0.0.0+20160317120654",
    "yeoman-generator": "registry:dt/yeoman-generator#0.0.0+20160317120654"
  },
  "dependencies": {
    "chalk": "registry:npm/chalk#1.0.0+20160211003958",
    "orchestrator": "registry:npm/orchestrator#0.3.7+20160211003958",
    "through2": "registry:npm/through2#2.0.0+20160308004148"
  }
}
